id,name,priceYen,category,menuCategory,sortOrder,orderCode,colorCode,active,soldOut,voucherEligible,toppingAllowed,useKDS
QsbCiKzuWZUMmf2TF76L,アイスティー,200,ドリンク,1,1,1,1,TRUE,FALSE,TRUE,TRUE,TRUE
D4H8aa1cug8IzKTdoNoy,ホットティー,200,ドリンク,1,2,2,1,TRUE,FALSE,TRUE,FALSE,TRUE
6pI7AtjMgezIjLbqTIuY,アイスコーヒー,200,ドリンク,1,3,3,1,TRUE,FALSE,TRUE,TRUE,TRUE
Ga37DtTHfRDyzr63Pui8,ホットコーヒー,200,ドリンク,1,4,4,1,TRUE,FALSE,TRUE,FALSE,TRUE
CBN9rihd2blk02cKHX5I,チャイ,150,ドリンク,1,5,5,1,TRUE,FALSE,TRUE,TRUE,TRUE
VFnYfilrgUYbFYxDtvns,コーラ,150,ドリンク,2,6,6,1,TRUE,FALSE,TRUE,TRUE,TRUE
aMJuY3ylwzp1FPkH5zfn,リンゴジュース,150,ドリンク,2,7,7,1,TRUE,FALSE,TRUE,TRUE,TRUE
TONhJQrGZsx7KHCSSj8y,ミルクティー,150,ドリンク,1,8,8,1,TRUE,FALSE,TRUE,TRUE,TRUE
JMIRG5aqOsuMgPRmzh6d,ココナッツミルク,250,ドリンク,1,9,9,1,TRUE,FALSE,TRUE,TRUE,TRUE
0zlabA2xmQ9INfQC9nlY,スムージー,1000,ドリンク,1,10,10,1,TRUE,FALSE,TRUE,TRUE,TRUE
p8di1IoZrMX8XoQYSZ95,タピオカ,1000,トッピング,3,11,11,2,TRUE,FALSE,TRUE,FALSE,TRUE
bJjLRNJW3Bq9oYTmCUyU,タコス,1000,フード,4,12,12,3,TRUE,FALSE,TRUE,FALSE,TRUE
lG4j8K5qlVm9kvjA6sGp,ピザ風ブリトー,1000,フード,4,13,13,3,TRUE,FALSE,TRUE,FALSE,TRUE
0jH3q6IX2iHb474bQM0h,ハムチーズブリトー,1000,フード,4,14,14,3,TRUE,FALSE,TRUE,FALSE,TRUE
pMektJF1MJIpeg50iGmb,チョコバナナ・デザートトルティーヤ,1000,フード,4,15,15,3,TRUE,FALSE,TRUE,FALSE,TRUE
Yqt0YZ9DO0vHjDxfh6Sj,アクリルキーホルダー,500,グッズ,5,16,16,4,TRUE,FALSE,FALSE,FALSE,FALSE
SgGQIzZjWCNPIN2DEVXg,目印チャーム,400,グッズ,5,17,17,4,TRUE,FALSE,FALSE,FALSE,FALSE
0eA9VT1O0RWz5APN1I1Q,缶バッジ,200,グッズ,5,18,18,4,TRUE,FALSE,FALSE,FALSE,FALSE
g7hNqE3MjIPVWNei3AKX,クリアファイル,150,グッズ,5,19,19,4,TRUE,FALSE,FALSE,FALSE,FALSE
,メモ帳,500,グッズ,5,20,20,4,TRUE,FALSE,FALSE,FALSE,FALSE
,ボールペン,300,グッズ,5,21,21,4,TRUE,FALSE,FALSE,FALSE,FALSE
,ステッカー,100,グッズ,5,22,22,4,TRUE,FALSE,FALSE,FALSE,FALSE
,ポストカード,100,グッズ,5,23,23,4,TRUE,FALSE,FALSE,FALSE,FALSE